EPSG_DATUM_CODE,ESRI_DATUM_NAME
5100,"D_Mean_Sea_Level"
5101,"D_Ordnance_Datum_Newlyn"
6197,"D_Garoua"
6604,"D_Montserrat_1958"
6681,"D_Mauritania_1999"
6699,"D_Le_Pouce_1934"
6700,"D_IGN_Astro_1960"
6718,"D_Solomon_1968"
6741,"D_Faroe_Datum_1954"
6743,"D_Karbala_1979_Polservice"
6744,"D_Nahrwan_1934"
6747,"D_Greenland_1996"
6748,"D_Vanua_Levu_1915"
6753,"D_fk89"
6754,"D_Libyan_Geodetic_Datum_2006"
6755,"D_Datum_Geodesi_Nasional_1995"
6756,"D_Vietnam_2000"
6757,"D_SVY21"
6758,"D_Jamaica_2001"
