"COORD_REF_SYS_CODE","COORD_REF_SYS_NAME","UOM_CODE","SOURCE_GEOGCRS_CODE","COORD_OP_CODE","COORD_OP_METHOD_CODE","SHOW_CRS","DEPRECATED","PARAMETER_CODE_1","PARAMETER_VALUE_1","PARAMETER_UOM_1","PARAMETER_CODE_2","PARAMETER_VALUE_2","PARAMETER_UOM_2","PARAMETER_CODE_3","PARAMETER_VALUE_3","PARAMETER_UOM_3","PARAMETER_CODE_4","PARAMETER_VALUE_4","PARAMETER_UOM_4","PARAMETER_CODE_5","PARAMETER_VALUE_5","PARAMETER_UOM_5","PARAMETER_CODE_6","PARAMETER_VALUE_6","PARAMETER_UOM_6","PARAMETER_CODE_7","PARAMETER_VALUE_7","PARAMETER_UOM_7"
#
# NOTICE: The master version of this file is in the libgeotiff subversion at:
#
# https://svn.osgeo.org/metacrs/geotiff/trunk/libgeotiff/csv/pcs.override.csv
#
# Do *not* change other copies without upstreaming the results to libgeotiff.
#
#
#
# Adjust central meridian to be relative to prime meridian. 
#
26591,"Monte Mario (Rome) / Italy zone 1",9001,4806,18121,9807,1,0,8801,0,9102,8802,-3.45233333333333,9102,8805,0.9996,9201,8806,1500000,9001,8807,0,9001,,,,,,
26592,"Monte Mario (Rome) / Italy zone 2",9001,4806,18122,9807,1,0,8801,0,9102,8802,2.54766666666666,9102,8805,0.9996,9201,8806,2520000,9001,8807,0,9001,,,,,,
